{
  "w_tutor": 0.5898329615592957,
  "w_code": 0.1858176290988922,
  "w_debug": 0.22434934973716736
}