{
  "w_tutor": 0.7732006688310147,
  "w_code": 0.01,
  "w_debug": 0.01,
  "training_auc": 0.5400243606025728
}